1,Barak,APGhat,24.85,92.82
2,Barak,APGhat1,24.83,92.79
3,Barak,Amarpur,23.53,91.65
4,Barak,Amraghat,24.61,92.95
5,Barak,Anipur,24.54,92.44
6,Barak,BPGhat,24.87,92.58
7,Barak,BPGhat1,24.91,92.59
8,Barak,Baghmara,25.20,90.66
9,Barak,Balat,25.18,91.39
10,Barak,Belonia,23.26,91.46
11,Barak,Borkhola,24.93,92.75
12,Barak,Chotabekra,24.68,93.10
13,Barak,Dawki,25.20,92.02
14,Barak,Dholai,24.54,92.83
15,Barak,Dholai1,24.58,92.85
16,Barak,Dimapara,25.24,90.25
17,Barak,Fakirabazar,24.84,92.35
18,Barak,Fulertal,24.79,93.03
19,Barak,Gajaria,23.66,91.27
20,Barak,Gharmura,24.29,92.52
21,Barak,Gumrabazar,25.01,92.51
22,Barak,Haora,23.82,91.28
23,Barak,Harangajao,25.13,92.85
24,Barak,Jiribam,24.82,93.14
25,Barak,Jiribam1,24.61,93.08
26,Barak,Kailashahar,24.33,92.01
27,Barak,Kailashahar1,24.32,92.01
28,Barak,Kamalpur,24.15,91.83
29,Barak,Karimganj,24.88,92.36
30,Barak,Kashithal,24.61,92.94
31,Barak,Kharkhana,25.16,92.22
32,Barak,Khowai,24.02,91.62
33,Barak,Kulicherra,24.72,92.89
34,Barak,Kumarghat,24.20,92.02
35,Barak,Lakhipur,24.79,93.02
36,Barak,Manughat,24.00,91.99
37,Barak,Matijuri,24.64,92.61
38,Barak,Matijuri1,24.65,92.61
39,Barak,Moniarkhal,24.60,92.96
40,Barak,MyntduPowerHouse,25.16,92.22
41,Barak,MyntduStageIIDamSite,25.23,92.24
42,Barak,NHRoadBridge,24.82,93.25
43,Barak,Nutanbazar,24.45,92.20
44,Barak,SLRoadBridge,24.80,93.02
45,Barak,Sairong,23.81,92.63
46,Barak,Shella,25.18,91.62
47,Barak,Sibbari,25.18,90.51
48,Barak,Sonamura,23.49,91.29
49,Barak,Sonamura1,23.47,91.27
50,Barak,Therriaghat,25.19,91.77
51,Barak,Tuirial,23.72,92.79
52,Barak,Tuirini,23.79,92.89
53,Barak,Tulargram,24.70,92.89
54,BB,Akhuapada,20.91,86.27
55,BB,Altuma,20.93,85.52
56,BB,Ananadpur,21.21,86.12
57,BB,Champua,22.06,85.68
58,BB,Gomlai,21.79,84.97
59,BB,Indupur,20.63,86.41
60,BB,Jaraikela,22.32,85.11
61,BB,Jenapur,20.88,86.02
62,BB,Keonjhar,21.63,85.63
63,BB,Panposh,22.28,84.85
64,BB,Rengali,21.28,85.04
65,BB,Swampatana,21.64,85.91
66,BB,Talcher,20.95,85.24
67,BB,Tilga,22.64,84.43
68,Bmptr,AieNHCrossing,26.50,90.66
69,Bmptr,Badatighat,26.94,93.96
70,Bmptr,Bana,27.28,92.88
71,Bmptr,Barabisha,26.47,89.79
72,Bmptr,Behalpur,26.32,90.47
73,Bmptr,BekiRoadBridge,26.50,90.92
74,Bmptr,Bhalukpong,27.02,92.64
75,Bmptr,Bhomoraguri,26.61,92.86
76,Bmptr,Bihubar,26.84,94.80
77,Bmptr,Bijni,26.48,90.67
78,Bmptr,Bokajan,26.02,93.79
79,Bmptr,Bonsoi,27.69,88.57
80,Bmptr,Chel,26.86,88.64
81,Bmptr,ChenimariKhowang,27.31,94.88
82,Bmptr,Chepan,26.49,89.70
83,Bmptr,Chouldhowaghat,27.44,94.25
84,Bmptr,Chungthang,27.59,88.64
85,Bmptr,Coronation,26.90,88.47
86,Bmptr,Daporizo,27.99,94.22
87,Bmptr,Deopani,28.10,95.71
88,Bmptr,Desangpani,27.05,94.91
89,Bmptr,Dharamtul,26.17,92.36
90,Bmptr,Dhemaji,27.50,94.61
91,Bmptr,Dholabazar,27.77,95.59
92,Bmptr,Dhubri,26.01,90.00
93,Bmptr,Diana,26.86,89.00
94,Bmptr,Dibrugarh,27.54,94.84
95,Bmptr,Dillighat,27.14,95.37
96,Bmptr,Domohani,26.56,88.76
97,Bmptr,Dudhnai,25.98,90.79
98,Bmptr,Gazaldoba,26.75,88.59
99,Bmptr,Gelabil,26.24,93.99
100,Bmptr,Ghish,26.87,88.61
101,Bmptr,Ghugumari,26.29,89.46
102,Bmptr,Goalpara,26.19,90.64
103,Bmptr,Golaghat,26.51,93.95
104,Bmptr,Golokganj,26.11,89.82
105,Bmptr,Guwahati,26.20,91.75
106,Bmptr,Hasimara,26.73,89.33
107,Bmptr,Hayuliang,28.06,96.55
108,Bmptr,Jagibhakatgaon,26.18,92.22
109,Bmptr,Jiabharali,26.81,92.88
110,Bmptr,Jiadhalmukh,27.47,94.48
111,Bmptr,Jiagaon,27.85,95.60
112,Bmptr,KambangKabu,28.20,94.77
113,Bmptr,Kampur,26.15,92.65
114,Bmptr,Khanitar,27.18,88.51
115,Bmptr,Khanitar1,27.18,88.50
116,Bmptr,Kheronighat,25.85,92.89
117,Bmptr,Kibithu,28.26,97.03
118,Bmptr,Kokrajhar,26.40,90.25
119,Bmptr,Kopupanu,28.02,95.83
120,Bmptr,Kulsi,25.98,91.39
121,Bmptr,Kundilbarrage,27.84,95.83
122,Bmptr,Lachung,27.69,88.74
123,Bmptr,Lemeking,28.37,93.56
124,Bmptr,Lish,26.88,88.56
125,Bmptr,MagoChu,27.52,91.97
126,Bmptr,Majhitar,27.11,88.33
127,Bmptr,ManasNHCrossing,26.46,90.75
128,Bmptr,Margherita,27.29,95.61
129,Bmptr,Mathabhanga,26.36,89.21
130,Bmptr,Mathanguri,26.78,90.96
131,Bmptr,Matunga,26.79,91.53
132,Bmptr,Mekhliganj,26.33,88.86
133,Bmptr,Miao,27.49,96.21
134,Bmptr,Motipur,27.51,96.17
135,Bmptr,Murti,26.84,88.83
136,Bmptr,NH31Jaldhaka,26.57,88.94
137,Bmptr,NTRoadCrossingRanganadi,27.21,94.05
138,Bmptr,Nagrakata,26.87,88.89
139,Bmptr,Naharkatia,27.32,95.31
140,Bmptr,Namsai,27.63,95.85
141,Bmptr,Nanglamoraghat,27.01,94.82
142,Bmptr,Neamatighat,26.86,94.25
143,Bmptr,Neora,26.88,88.77
144,Bmptr,Numaligarh,26.63,93.73
145,Bmptr,NuranangChu,27.55,92.02
146,Bmptr,NyukcharongChu,27.64,92.01
147,Bmptr,Pagladiya,26.45,91.46
148,Bmptr,Panbari,26.59,90.83
149,Bmptr,Pancharatna,26.22,90.56
150,Bmptr,Pandu,26.18,91.67
151,Bmptr,Passighat,28.10,95.31
152,Bmptr,PuthimariDRF,26.80,91.70
153,Bmptr,PuthimariNHCrossing,26.37,91.65
154,Bmptr,Rangpo,27.17,88.53
155,Bmptr,Reshi,27.22,88.30
156,Bmptr,RongChu,27.64,92.00
157,Bmptr,Rothak,27.17,88.30
158,Bmptr,Sagbari,27.25,88.30
159,Bmptr,Sankalan,27.50,88.52
160,Bmptr,Sankalang,27.51,88.53
161,Bmptr,Sankosh,26.46,89.86
162,Bmptr,Saralpara,26.40,90.25
163,Bmptr,Seppa,27.36,93.04
164,Bmptr,Sevoke,26.88,88.47
165,Bmptr,SinglaBazar,27.13,88.28
166,Bmptr,Sivasagar,26.98,94.63
167,Bmptr,Sonapur,26.12,91.98
168,Bmptr,Suklai,26.65,91.71
169,Bmptr,Sutaley,26.96,88.41
170,Bmptr,Talangchu,27.51,88.52
171,Bmptr,TawangChuMurugaBridge,27.62,92.01
172,Bmptr,TeestaBazar,27.06,88.43
173,Bmptr,Tezpur,26.61,92.81
174,Bmptr,Tezu,27.91,96.17
175,Bmptr,Toyum,27.27,88.24
176,Bmptr,Tufanganj,26.31,89.67
177,Bmptr,Tuting,29.01,94.90
178,Bmptr,Udaipur,27.36,95.91
179,Bmptr,Yazali,27.40,93.74
180,Bmptr,Yingkiang,28.65,95.01
181,Bmptr,YusumVillage,27.55,91.86
182,Cauvery,Akkihebbal,12.60,76.40
183,Cauvery,Annavasal,10.97,79.76
184,Cauvery,Bendrehalli,12.04,77.01
185,Cauvery,Biligundulu,12.18,77.73
186,Cauvery,Chunchunkatte,12.51,76.30
187,Cauvery,EManagalam,11.03,77.89
188,Cauvery,Gopurajapuram,10.85,79.80
189,Cauvery,Hogenakkal,12.12,77.79
190,Cauvery,KMVadi,12.34,76.29
191,Cauvery,Kanakpura,12.54,77.43
192,Cauvery,Kodumudi,11.08,77.89
193,Cauvery,Kollegal,12.19,77.10
194,Cauvery,Kudige,12.50,75.96
195,Cauvery,Kudlur,11.84,77.46
196,Cauvery,MHHalli,12.82,76.13
197,Cauvery,Menangudi,10.95,79.71
198,Cauvery,Musiri,10.94,78.43
199,Cauvery,Muthankera,11.85,76.12
200,Cauvery,Nalammaranpatti,10.88,77.98
201,Cauvery,Nallathur,10.99,79.79
202,Cauvery,Nellithurai,11.29,76.89
203,Cauvery,Peralam,10.97,79.66
204,Cauvery,Porakudi,10.91,79.71
205,Cauvery,Sakleshpur,12.90,75.79
206,Cauvery,Savandapur,11.52,77.51
207,Cauvery,Sevanur,11.55,77.71
208,Cauvery,TBekuppe,12.52,77.44
209,Cauvery,TNarasipur,12.23,76.89
210,Cauvery,TKHalli,12.42,77.19
211,Cauvery,Thengudi,10.92,79.64
212,Cauvery,Thengumarahada,11.57,76.92
213,Cauvery,Thevur,11.53,77.75
214,Cauvery,Thimmanahalli,12.98,76.04
215,Cauvery,Thoppur,11.94,78.06
216,Cauvery,Urachikottai,11.48,77.70
217,EFRBMP,Anakapally,17.69,83.00
218,EFRBMP,Gotta_barrage,18.69,83.96
219,EFRBMP,Gudari,19.35,83.78
220,EFRBMP,Gunupur,19.09,83.81
221,EFRBMP,K_Bitragunta,15.31,80.00
222,EFRBMP,Kashinagar,18.85,83.87
223,EFRBMP,Kutraguda,19.61,83.55
224,EFRBMP,Madhabarida,19.85,84.63
225,EFRBMP,Mahendragarh,19.22,84.26
226,EFRBMP,Marella,15.88,79.91
227,EFRBMP,Mohana,19.45,84.25
228,EFRBMP,Purushottampur,19.51,84.87
229,EFRBMP,Sorada,19.75,84.44
230,EFRBMP,Srikakulam,18.29,83.89
231,EFRBMP,Thammavaram,15.71,79.97
232,EFRBPK,A_P_Puram,8.90,77.65
233,EFRBPK,Ambasamudram,9.93,77.51
234,EFRBPK,Arcot,12.91,79.34
235,EFRBPK,Avarankuppam,12.69,78.54
236,EFRBPK,Chengalpattu,12.65,79.95
237,EFRBPK,Gummanur,12.55,78.14
238,EFRBPK,Irrukkankudi,9.32,77.99
239,EFRBPK,Kudalaiyathur,11.42,79.47
240,EFRBPK,Kumarapalayam,11.99,79.68
241,EFRBPK,Magaral,12.71,79.76
242,EFRBPK,Murappanadu,8.72,77.83
243,EFRBPK,Naidupet,13.95,79.90
244,EFRBPK,Paramakudi,9.55,79.58
245,EFRBPK,Sulurpet,13.71,80.01
246,EFRBPK,Theni,10.00,77.47
247,EFRBPK,Vazhavachanur,12.07,78.98
248,EFRBPK,Villupuram,11.87,79.47
249,Ganga,ABRoadCrossingNimkhedi,24.35,77.11
250,Ganga,AgraJB,27.21,78.04
251,Ganga,AgraRG,27.26,78.02
252,Ganga,Ahirwalia,26.37,85.15
253,Ganga,Akbarpur,26.42,82.55
254,Ganga,Aklera,24.43,76.60
255,Ganga,Ankinghat,26.91,80.07
256,Ganga,Araria,26.13,87.49
257,Ganga,Amota,26.96,78.37
258,Ganga,Auraiya,26.43,79.42
259,Ganga,Ayodhya,26.81,82.21
260,Ganga,Azamabad,25.33,87.26
261,Ganga,Azamgarh,26.05,83.18
262,Ganga,BKGhatKatemighat,28.08,81.09
263,Ganga,Badrinath,30.77,79.50
264,Ganga,Bageshwar,29.82,79.77
265,Ganga,Baghpat,28.99,77.20
266,Ganga,Ballia,25.78,84.38
267,Ganga,BalpahariBarrageSite,24.04,86.39
268,Ganga,BalpahariDamAxis,24.05,86.34
269,Ganga,Balrampur,27.44,82.23
270,Ganga,Baltara,25.50,86.75
271,Ganga,Banbasa,28.99,80.11
272,Ganga,Banda,25.48,80.31
273,Ganga,Bani,26.67,80.80
274,Ganga,Bansi,27.19,82.94
275,Ganga,Baranwada,26.00,76.67
276,Ganga,Bareilly,28.27,79.38
277,Ganga,Barkisuriya,24.22,85.90
278,Ganga,Barod,25.40,76.32
279,Ganga,Basoda,23.90,77.94
280,Ganga,Basti,26.78,82.71
281,Ganga,Basua,26.15,86.53
282,Ganga,Bausan,30.52,77.93
283,Ganga,Bazarsaw,23.88,88.18
284,Ganga,Bedepara,24.32,88.44
285,Ganga,Benibad,26.15,85.69
286,Ganga,Berhait,24.89,87.61
287,Ganga,Berhampore,24.10,88.24
288,Ganga,Bewar,27.17,79.33
289,Ganga,Bhagalpur,25.27,87.03
290,Ganga,Bhatparani,26.33,83.99
291,Ganga,Bhatpurwaghat,27.20,80.78
292,Ganga,Bhikiasen,29.70,79.26
293,Ganga,Bhind,26.61,78.86
294,Ganga,Bhinga,27.69,81.83
295,Ganga,Bhitaura,26.03,80.85
296,Ganga,Bigod,25.25,75.05
297,Ganga,Birdghat,26.72,83.35
298,Ganga,Birpur,26.44,86.87
299,Ganga,Biswanathpur,24.51,88.16
300,Ganga,Buxar,25.60,84.00
301,Ganga,Chandradeepghat,27.14,82.50
302,Ganga,Chandrapuri,30.43,79.07
303,Ganga,Chanpatia,26.96,84.52
304,Ganga,Chapra,23.51,88.53
305,Ganga,Chargharia,26.32,87.94
306,Ganga,Chatia,26.53,84.56
307,Ganga,ChhapraMakhdumganj,25.77,84.65
308,Ganga,ChhatnagAllahabad,25.40,81.91
309,Ganga,Chillaghat,25.77,80.53
310,Ganga,ChittogarhatRiverBerach,24.88,74.60
311,Ganga,Chittorgarh,24.87,74.64
312,Ganga,Chopan,24.53,83.05
313,Ganga,Colonelganj,27.12,81.65
314,Ganga,DRGhat,22.63,86.96
315,Ganga,Dabri,27.50,79.70
316,Ganga,Dadri,28.51,76.76
317,Ganga,Dalmau,26.05,81.03
318,Ganga,DaltenGanj,24.03,84.06
319,Ganga,Darauli,26.05,84.14
320,Ganga,DelhiRlyBridge,28.66,77.25
321,Ganga,DeoprayagB,30.16,78.60
322,Ganga,DeoprayagG,30.14,78.60
323,Ganga,Dhaneta,28.51,79.25
324,Ganga,Dhansa,28.54,76.87
325,Ganga,Dharamnagari,29.37,78.03
326,Ganga,Dharchula,29.85,80.55
327,Ganga,Dhareri,23.13,75.51
328,Ganga,DhengBridge,26.73,85.33
329,Ganga,DhengraGhat,25.85,87.80
330,Ganga,Dholpur,26.65,77.90
331,Ganga,Dighaghat,25.66,85.09
332,Ganga,Duddhi,24.23,83.27
333,Ganga,Dumariaghat,26.34,84.76
334,Ganga,DurgapurBarrage,23.47,87.30
335,Ganga,Ekmighat,26.11,85.88
336,Ganga,Elginbridge,27.09,81.48
337,Ganga,EnglishBazar,25.01,88.15
338,Ganga,Etawah,26.75,78.98
339,Ganga,Farakka,24.79,87.94
340,Ganga,FarakkaFeederCanal,24.81,87.92
341,Ganga,FatehganjEast,28.07,79.64
342,Ganga,Fatehgarh,27.40,79.62
343,Ganga,Gaighat,27.99,81.43
344,Ganga,Gaisabad,24.30,79.85
345,Ganga,Galeta,29.07,77.46
346,Ganga,Galgalia,26.52,88.10
347,Ganga,GandhiGhat,25.64,85.20
348,Ganga,GandhisagarDam,24.70,75.55
349,Ganga,GangpurSiswan,25.92,84.38
350,Ganga,Garhakota,23.83,79.17
351,Ganga,Garhamukteshwar,28.80,78.14
352,Ganga,Garrauli,25.08,79.34
353,Ganga,Gaya,24.80,85.02
354,Ganga,Ghat,29.51,80.13
355,Ganga,Ghazipur,25.55,83.56
356,Ganga,Gheropara,23.62,87.70
357,Ganga,GiridihSeasonal,24.19,86.32
358,Ganga,GokulBarrage,27.44,77.71
359,Ganga,Goverdheyghat,23.70,81.25
360,Ganga,Hajipur,25.71,85.19
361,Ganga,Hamirpur,25.96,80.15
362,Ganga,Hanskhali,23.36,88.61
363,Ganga,Hardwar,29.98,78.19
364,Ganga,Harinkhola,22.84,87.90
365,Ganga,Haripur,30.54,77.82
366,Ganga,Hathidah,25.38,85.99
367,Ganga,Hayaghat,26.05,85.87
368,Ganga,Hendgir,23.71,85.16
369,Ganga,Hetimpur,26.74,83.83
370,Ganga,Indrapuri,24.88,84.18
371,Ganga,Islampur,24.15,88.47
372,Ganga,Jahangirabad,27.53,81.12
373,Ganga,Jainagar,26.57,86.22
374,Ganga,Jalalpur,25.63,82.74
375,Ganga,Jamalpur,23.07,87.99
376,Ganga,Jamtara,23.98,86.85
377,Ganga,Japla,24.59,83.95
378,Ganga,JateionBarrage,30.60,77.44
379,Ganga,Jauljibi,29.76,80.37
380,Ganga,Jaunpur,25.79,82.64
381,Ganga,Jhanjharpur,26.23,86.26
382,Ganga,Jhawa,25.60,87.79
383,Ganga,Jhokoo,24.43,82.21
384,Ganga,Jhulaghat,29.57,80.39
385,Ganga,Joshimath,30.57,79.55
386,Ganga,Kachlabridge,27.93,78.86
387,Ganga,Kadirganj,24.92,85.60
388,Ganga,Kahalgaon,25.29,87.23
389,Ganga,Kaimaha,25.10,79.83
390,Ganga,Kakarahi,27.24,83.00
391,Ganga,Kakardhari,27.85,81.82
392,Ganga,Kalagarh,29.50,78.76
393,Ganga,Kalanau,30.07,77.35
394,Ganga,KalnaEbb,23.22,88.37
395,Ganga,KalnaFlow,23.22,88.37
396,Ganga,Kalpi,26.19,79.70
397,Ganga,Kamtaul,26.34,85.85
398,Ganga,KangsabatiDam,22.95,86.79
399,Ganga,KannaujGumatia,27.06,79.96
400,Ganga,Kanpur,26.46,80.38
401,Ganga,Karanprayag,30.26,79.21
402,Ganga,Kamal,29.69,77.15
403,Ganga,Kasganj,27.51,78.92
404,Ganga,KatwaPurbastHali,23.62,88.18
405,Ganga,Khadda,27.22,83.93
406,Ganga,Khagaria,25.50,86.45
407,Ganga,Kharidwar,23.00,86.64
408,Ganga,Kharra,23.50,82.85
409,Ganga,Khatoli,25.68,76.43
410,Ganga,Kinjer,25.22,84.83
411,Ganga,Koelwar,25.58,84.81
412,Ganga,KonarDam,23.93,85.76
,Ganga,Kora,26.11,80.53
,Ganga,Kota,24.45,83.14
,Ganga,KuldahBridge,24.41,81.69
,Ganga,Kursela,25.42,87.24
,Ganga,Kushkami,23.95,87.36
,Ganga,Labha,25.43,87.77
,Ganga,Lakhisarai,25.18,86.10
,Ganga,LalbegiaGhat,26.68,85.01
,Ganga,Lalganj,25.83,85.16
,Ganga,Lalgarh,22.58,87.04
,Ganga,Lalpur,26.27,79.95
,Ganga,LucknowHanumanSetu,26.86,80.94
,Ganga,Maharo,24.32,87.20
,Ganga,Mahidpur,23.48,75.63
,Ganga,Mahua,25.81,85.40
,Ganga,Maighat,25.64,82.86
,Ganga,MaithonDam,23.79,86.81
,Ganga,Mandawara,25.37,76.15
,Ganga,Manderial,26.27,77.28
,Ganga,Mandla,24.75,80.01
,Ganga,Maner,25.67,84.82
,Ganga,Maniram,26.85,83.33
,Ganga,Mankatha,25.22,86.06
,Ganga,Marora,29.94,78.70
,Ganga,Masani,28.21,76.74
,Ganga,MassanjoreDam,24.11,87.31
,Ganga,Mathura,27.49,77.70
,Ganga,Matigara,26.72,88.38
,Ganga,Mawi,29.38,77.15
,Ganga,MejjaRoad,25.23,82.04
,Ganga,Mirzapur,25.16,82.55
,Ganga,MohammadGanj,24.42,83.86
,Ganga,Mohana,28.23,77.45
,Ganga,Mohana1,25.81,79.46
,Ganga,Mohanpur,22.40,87.35
,Ganga,Moradabad,28.82,78.80
,Ganga,Moradabad1,28.83,78.71
,Ganga,Motipur,28.27,80.88
,Ganga,Mukhlishpur,26.60,83.02
,Ganga,Munger,25.40,86.51
,Ganga,Nahargarh,24.19,75.23
,Ganga,Naini,25.37,81.80
,Ganga,Nandadih,24.03,86.44
,Ganga,NandadihHOIW,24.03,86.43
,Ganga,Nandkeshri,30.07,79.51
,Ganga,Narayanpur,23.88,87.91
,Ganga,Narhan,25.20,83.34
,Ganga,NaroraBarrage,28.19,78.40
,Ganga,Naugaon,30.79,78.14
,Ganga,Naula,29.74,79.25
,Ganga,Nautghat,25.44,78.72
,Ganga,Neemsar,27.34,80.48
,Ganga,Nimoda,26.29,76.62
,Ganga,Nutanhat,23.55,87.91
,Ganga,Pachauli,25.10,77.65
,Ganga,Palasipara,23.79,88.47
,Ganga,Pali,25.86,76.57
,Ganga,Paliakalan,28.38,80.55
,Ganga,Palla,28.83,77.22
,Ganga,PalmerGanj,24.82,84.25
,Ganga,Pancheshwar,29.44,80.24
,Ganga,PancheshwarG,29.45,80.25
,Ganga,PanchetDam,23.68,86.75
,Ganga,Paonta,30.43,77.62
,Ganga,Phaphamau,25.50,81.86
,Ganga,Phephna,24.75,84.04
,Ganga,Phulberia,22.68,86.68
,Ganga,Pipli,25.04,73.99
,Ganga,Poomagiri,29.13,80.19
,Ganga,Pratapgarh,25.93,82.00
,Ganga,Pratappur,25.35,81.67
,Ganga,Pupunki,23.72,86.20
,Ganga,Raibareli,26.24,81.21
,Ganga,Rajapur,25.38,81.18
,Ganga,Rajghat,24.77,78.23
,Ganga,Rajmahal,25.06,87.84
,Ganga,Rameshwar,29.52,80.10
,Ganga,Ramgarh,23.64,85.51
,Ganga,Ramnagar,29.39,79.13
,Ganga,Rampur,28.84,78.99
,Ganga,RangagoraPurihansa,23.07,86.37
,Ganga,Regauli,27.02,83.21
,Ganga,Rewaghat,25.98,85.06
,Ganga,RihandDam,24.20,83.00
,Ganga,Rishikesh,30.10,78.30
,Ganga,Rudraprayag,30.30,78.98
,Ganga,Rudraprayag1,30.30,78.99
,Ganga,RudraprayagBelowConfluence,30.29,78.98
,Ganga,Runisaidpur,26.39,85.51
,Ganga,Rupaligarh,29.28,80.30
,Ganga,Rusera,25.73,86.02
,Ganga,Sahibganj,25.28,87.67
,Ganga,Salavad,24.37,76.21
,Ganga,Salempur,26.29,83.94
,Ganga,SamastiPur,25.87,85.78
,Ganga,Sangod,24.97,76.29
,Ganga,SankoGhat,24.15,88.01
,Ganga,Sarangpur,23.55,76.45
,Ganga,Satna,24.54,80.89
,Ganga,Saulighat,26.57,85.62
,Ganga,Seondha,26.16,78.78
,Ganga,Shahijina,25.94,80.16
,Ganga,Shahjadpur,25.66,81.44
,Ganga,Shardanagar,28.06,80.97
,Ganga,SikanderPur,26.14,85.40
,Ganga,Sikatia,24.17,86.81
,Ganga,SilliguriChampasari,26.74,88.42
,Ganga,Simulia,23.30,86.36
,Ganga,Sirsa,25.27,82.10
,Ganga,Sitamarhi,25.27,82.29
,Ganga,Sonapur,26.46,88.24
,Ganga,Sonebarsha,26.84,85.59
,Ganga,Srinagar,30.21,78.75
,Ganga,Sripalpur,25.50,85.09
,Ganga,Sultanpur,26.29,82.13
,Ganga,Taibpur,26.38,88.15
,Ganga,Tajewala,30.30,77.58
,Ganga,Tal,23.72,75.35
,Ganga,Tantloi,24.02,87.26
,Ganga,Tawaghat,29.96,80.60
,Ganga,Tehri,30.42,78.63
,Ganga,TehriZeroPointBridge,30.38,78.48
,Ganga,TenughatDam,23.73,85.84
,Ganga,Thai,29.81,80.14
,Ganga,TilaiyaDam,24.32,85.52
,Ganga,TilparaBarrage,23.95,87.53
,Ganga,Tonk,26.21,75.77
,Ganga,TonsAquaduct,25.05,81.76
,Ganga,Trimohinighat,27.12,83.42
,Ganga,Triveni,27.44,83.92
,Ganga,TuiniP,30.96,77.85
,Ganga,TuiniT,30.99,77.85
,Ganga,Tumri,24.33,75.16
,Ganga,Turtipar,26.14,83.88
,Ganga,Tusuma,23.09,86.68
,Ganga,Udi,26.70,78.93
,Ganga,Ujjain,23.17,75.77
,Ganga,Uskabazar,27.22,83.14
,Ganga,Uttarkashi,30.73,78.45
,Ganga,Varanasi,25.32,83.04
,Ganga,YashwantNagar,30.88,77.21
,Godawari,Ambabal,19.29,81.79
,Godawari,Ashti,19.68,79.79
,Godawari,Babli,18.85,77.81
,Godawari,Balaghat,21.79,80.19
,Godawari,Balharsha,19.85,79.34
,Godawari,Bamini_Balharsha,19.81,79.38
,Godawari,Basar,18.86,77.96
,Godawari,Betmogra,18.71,77.54
,Godawari,Bhadrachalam,17.68,80.88
,Godawari,Bhandra,21.16,79.69
,Godawari,Bhatkhedda,18.43,76.67
,Godawari,Bhatpalli,19.32,79.47
,Godawari,Bishnur,21.11,78.13
,Godawari,Chass,19.95,74.29
,Godawari,Cherribeda,19.64,81.49
,Godawari,Chindnar,19.08,81.30
,Godawari,Degloor,18.56,77.58
,Godawari,Dhalegaon,19.23,76.36
,Godawari,Dowlaiswaram,16.95,81.81
,Godawari,Dummugudem,17.84,80.88
,Godawari,Eturunagaram,18.33,80.47
,Godawari,GR_Bridge,19.02,76.73
,Godawari,Gandlapet,18.82,78.44
,Godawari,gangakhed,18.98,76.75
,Godawari,Ghargaon,19.32,74.18
,Godawari,Ghugus,19.93,79.09
,Godawari,Hivra,20.60,78.32
,Godawari,Jagdalpur,19.11,82.02
,Godawari,JaikwadiDam,19.49,75.37
,Godawari,Jalaput_Dam,18.46,82.54
,Godawari,Kaleswaram,18.81,79.92
,Godawari,Kanergaon,19.96,77.15
,Godawari,Keolari,22.38,79.90
,Godawari,Kinnerasani,17.60,80.82
,Godawari,Kiwaibalenga,19.64,81.55
,Godawari,Koida,17.48,81.39
,Godawari,Konta,17.82,81.39
,Godawari,Kopergaon,19.88,74.48
,Godawari,Kosagumda,19.28,82.23
,Godawari,Kotta,18.78,82.51
,Godawari,Kumhari,21.88,80.17
,Godawari,Kunavaram,17.57,81.25
,Godawari,Lasur,19.94,74.99
,Godawari,Mancherial,18.83,79.45
,Godawari,Mangrul,20.19,77.99
,Godawari,Manjlegaon,19.17,76.25
,Godawari,Marlegaon,19.54,77.67
,Godawari,Mirdapalli,19.30,80.69
,Godawari,Murthahandi,19.04,82.28
,Godawari,Nanded,19.14,77.33
,Godawari,Nandgaon,20.52,78.80
,Godawari,Nandur_Madhameshwar,20.00,74.15
,Godawari,Nasik,20.00,73.80
,Godawari,NizamSagar,18.20,77.92
,Godawari,Nowrangpur,19.20,82.53
,Godawari,PG_Penganga_Bridge,19.82,78.57
,Godawari,Pachegaon,19.53,74.83
,Godawari,Palkhed,20.19,73.90
,Godawari,Pathagudem,18.85,80.35
,Godawari,Pauni,20.80,79.64
,Godawari,Perur,18.55,80.38
,Godawari,Polavaram,17.24,81.65
,Godawari,Potteru,18.19,81.80
,Godawari,Purna,19.18,77.01
,Godawari,RajahmundriGodavary,17.00,81.76
,Godawari,Rajegaon,21.62,80.25
,Godawari,Rajoli,20.05,79.71
,Godawari,Ramakona,21.72,78.82
,Godawari,Saigaon,18.06,77.02
,Godawari,Salebardi,20.91,79.93
,Godawari,Sangam,17.58,80.78
,Godawari,Saradaput,18.61,82.13
,Godawari,Satrapur,21.22,79.23
,Godawari,Sirpur,19.55,79.55
,Godawari,SitakesaChikhli,21.55,79.63
,Godawari,Somanpally,18.62,79.81
,Godawari,Sonarpal,19.27,81.88
,Godawari,Tegada_Cherla,18.11,80.87
,Godawari,Sukma,18.38,81.68
,Godawari,Tekra,18.98,79.94
,Godawari,Tumnar,19.01,81.23
,Godawari,Wairagarh,20.42,80.08
,Godawari,Yelli,19.04,77.45
,Godawari,Zari,19.39,76.77
,Indus,Akhnoor,32.89,74.74
,Indus,Dhamkund,33.23,75.15
,Indus,Ghousal,32.54,76.97
,Indus,Gulabgarh,33.27,76.17
,Indus,JammuTawi,32.72,74.85
,Indus,Khanabal,33.75,75.12
,Indus,Kidur,33.31,76.08
,Indus,Miyaranlla,32.74,76.68
,Indus,Nathpa,31.56,77.98
,Indus,Nunwan,34.01,75.31
,Indus,Pandowa,31.27,77.31
,Indus,Powari,31.54,78.28
,Indus,Premnagar,33.14,75.66
,Indus,RammunshiBagh,34.07,74.84
,Indus,Rampur,31.45,77.63
,Indus,Safapora,34.24,74.64
,Indus,Sangam,33.83,75.07
,Indus,Srishi,33.48,75.84
,Indus,Tandi,32.55,76.98
,Indus,Titang,31.77,78.64
,Indus,Udaipur,27.34,95.85
,Indus,UjhDamSite,32.57,75.50
,Krishna,AK_Bridge,14.79,76.73
,Krishna,Almatti,16.33,75.89
,Krishna,Arjunwad,16.79,74.63
,Krishna,Bagalkot,16.22,75.73
,Krishna,Bawapuram,15.88,77.95
,Krishna,Byaladahalli,14.45,75.78
,Krishna,Cholachguda,15.87,75.73
,Krishna,Daddi,16.06,74.43
,Krishna,Damarapadu,16.58,79.42
,Krishna,Damercharla,16.74,79.67
,Krishna,DeongaonBridge,17.17,76.33
,Krishna,Deosugur,16.38,77.36
,Krishna,Dhannur,16.20,76.10
,Krishna,Dhond,18.48,74.57
,Krishna,Gokak_Falls,16.19,74.79
,Krishna,Gotur,16.23,74.50
,Krishna,Halia,16.79,79.34
,Krishna,Haralahalli,14.83,75.67
,Krishna,Holehonnur,13.98,75.69
,Krishna,Honnali,14.24,75.66
,Krishna,Hoovinahole,13.99,76.75
,Krishna,Huvanur,16.18,76.04
,Krishna,Huvinhedgi,16.49,76.92
,Krishna,Jeewangi,17.25,77.46
,Krishna,K_Agraharam,16.26,77.84
,Krishna,Karad,17.29,74.19
,Krishna,Keesara,16.72,80.32
,Krishna,Kellodu,13.75,76.32
,Krishna,Kokangaon,17.29,75.59
,Krishna,Koyna_at_Koynanagar,17.38,73.74
,Krishna,Kuppelur,14.50,75.63
,Krishna,Kurundwad,16.69,74.60
,Krishna,Lakkavali,13.70,75.64
,Krishna,Lakshmipuram,15.75,78.00
,Krishna,Madhira,16.92,80.36
,Krishna,Malkhed,17.20,77.16
,Krishna,Mantralayam,15.95,77.43
,Krishna,Marol,14.94,75.62
,Krishna,Morvakonda,16.03,78.27
,Krishna,Mudhol,16.33,75.20
,Krishna,NSDam,16.58,79.31
,Krishna,Narasingpur,17.97,75.14
,Krishna,NarayanpurDam,16.22,76.34
,Krishna,Navalgund,15.57,75.37
,Krishna,Oollenur,15.49,76.72
,Krishna,PDJurala,16.33,77.70
,Krishna,Paleru_Bridge,16.95,80.05
,Krishna,Pandegaon,16.93,74.96
,Krishna,Phulgaon,18.67,74.00
,Krishna,Pondugala,16.68,79.66
,Krishna,PrakasamBarrage,16.51,80.60
,Krishna,Purushothamagudem,17.42,79.95
,Krishna,Ridhora,18.12,75.54
,Krishna,Sadalga,16.56,74.50
,Krishna,Samdoli,16.86,74.50
,Krishna,Sarati,17.91,75.01
,Krishna,Shimoga,13.92,75.58
,Krishna,Shirdhon,17.37,75.60
,Krishna,Siddhewadi,17.57,75.41
,Krishna,Srisailam,16.09,78.90
,Krishna,T_Ramapuram,15.66,76.96
,Krishna,TBDam,15.26,76.33
,Krishna,Takli,17.41,75.85
,Krishna,Talikot,16.48,76.28
,Krishna,Terwad,16.68,74.57
,Krishna,Vandur,16.56,74.29
,Krishna,Vijayawada,16.52,80.59
,Krishna,Wadakbal,17.53,75.89
,Krishna,Wadenapalli,16.79,80.13
,Krishna,Warunji,17.27,74.17
,Krishna,Yadgir,16.74,77.12
,Krishna,Yaparla,16.04,78.05
,Mahanadi,Alipingal,20.21,86.15
,Mahanadi,Andhiyarkore,21.83,81.60
,Mahanadi,Arampur,20.80,84.60
,Mahanadi,Bamnidihi,21.90,82.71
,Mahanadi,Bangodam,22.61,82.60
,Mahanadi,Baronda,20.91,81.88
,Mahanadi,Basantpur,21.72,82.79
,Mahanadi,Deogaon,21.22,83.91
,Mahanadi,Dharamjaigarh,22.48,83.21
,Mahanadi,Ghatora,22.04,82.22
,Mahanadi,HirakudDem,21.52,83.85
,Mahanadi,Jamadarpali,21.59,83.97
,Mahanadi,Jondhra,21.71,82.36
,Mahanadi,Kanas,20.00,85.64
,Mahanadi,Kantamal,20.65,83.72
,Mahanadi,Kelo_at_Raigarh,21.89,83.40
,Mahanadi,Kesinga,20.20,83.22
,Mahanadi,Khairmal,20.84,84.00
,Mahanadi,Khandapara,20.28,85.20
,Mahanadi,Korba,22.36,82.69
,Mahanadi,Kotni,21.22,81.24
,Mahanadi,Kurubhata,21.98,83.21
,Mahanadi,Mahulpali,21.87,84.43
,Mahanadi,Manendragarh,23.20,82.22
,Mahanadi,Marshanghai,20.41,86.48
,Mahanadi,Naraj,20.48,85.77
,Mahanadi,Nimapara,20.06,86.01
,Mahanadi,Padmavati,20.34,85.31
,Mahanadi,Pandigaon,20.09,83.08
,Mahanadi,Paramanpur,21.79,84.11
,Mahanadi,Pathardhi,21.34,81.59
,Mahanadi,Punbansa,20.36,86.25
,Mahanadi,Rajim,20.98,81.88
,Mahanadi,Rampur,21.66,82.52
,Mahanadi,Salebhata,20.98,83.55
,Mahanadi,Sankara,21.29,82.66
,Mahanadi,Seorinarayan,21.72,82.60
,Mahanadi,Simga,21.63,81.69
,Mahanadi,Sukma,20.78,83.37
,Mahanadi,Sundargarh,22.11,84.01
,Mahanadi,Surajgarh,21.68,83.37
,Mahanadi,Thethetangar,22.66,83.91
,Mahanadi,Tikarapara,20.60,84.78
,Mahi,Anas_Ph_II,23.35,74.23
,Mahi,Chakaliya,23.05,74.32
,Mahi,Dhariawad,24.09,74.48
,Mahi,Kadana_Dam,23.31,73.82
,Mahi,Khanpur,22.53,73.14
,Mahi,Mahi_Dam,23.63,74.55
,Mahi,Mataji,23.36,74.67
,Mahi,Paderdibadi,23.76,74.13
,Mahi,PanamDam,23.05,73.72
,Mahi,Pingalwada,22.11,73.08
,Mahi,Rangeli,23.87,74.23
,Mahi,Somkamla_Amba_Dam,23.98,74.04
,Mahi,Wanakbori,22.95,73.43
,Narmada,Aamgaon,22.57,80.43
,Narmada,Ajandiman,22.18,75.13
,Narmada,Bamni_Banjar,22.48,80.38
,Narmada,Bareli,22.99,78.22
,Narmada,Barginagar,22.94,79.92
,Narmada,Barman_at_Narmada_Barmanghat,23.03,79.02
,Narmada,Belkheri,22.93,79.34
,Narmada,Bharuch,21.69,73.00
,Narmada,Bodeli,22.27,73.73
,Narmada,Chandwada,22.05,73.47
,Narmada,Chhidgaon,22.40,77.31
,Narmada,Dhulsar,22.21,74.85
,Narmada,Dindori,22.95,81.08
,Narmada,Gadarwara,22.93,78.79
,Narmada,Garudeshwar,21.89,73.65
,Narmada,Handia,22.49,77.00
,Narmada,Hindaynagar,22.54,80.38
,Narmada,Hoshangabad,22.76,77.73
,Narmada,Jamtara,23.09,79.95
,Narmada,Jobat,22.27,74.59
,Narmada,Kogaon,22.10,75.68
,Narmada,Maheshwar,22.98,78.32
,Narmada,Mandla,22.60,80.36
,Narmada,Mandleshwar,22.17,75.66
,Narmada,Manegaow,22.64,77.96
,Narmada,Manot,22.74,80.51
,Narmada,Mohgaon,22.76,80.62
,Narmada,Mortakka,22.23,76.04
,Narmada,Mukki,22.15,80.67
,Narmada,Patan,23.31,79.66
,Narmada,Pati,21.94,74.75
,Narmada,Rajghat,22.08,74.89
,Narmada,Rajpipla,21.88,73.50
,Narmada,Sandalpur,22.57,76.98
,Narmada,Sandia,22.92,78.35
,Narmada,Shahpur,22.19,77.90
,Narmada,TawaDem,22.57,77.98
,Narmada,Tawa_at_Tawakati,22.20,77.96
,Narmada,Tikola,22.12,74.49
,Panner,Alladupalli,14.72,78.67
,Panner,Chennur,14.57,78.80
,Panner,Kamalapuram,14.58,78.67
,Panner,Nagalamadike,14.20,77.37
,Panner,Nandipalli,14.71,79.02
,Panner,Nellore,14.47,80.00
,Panner,Singavaram,14.60,78.02
,Panner,Tadapatri,14.92,78.02
,Sabarmati,Derol_Bridge,23.58,72.81
,Sabarmati,Dharoi,23.99,72.86
,Sabarmati,Dharoi_Dam,24.00,72.86
,Sabarmati,Harnav_Weir,24.03,73.17
,Sabarmati,Hathmati_Weir,23.61,72.96
,Sabarmati,Jotasan_,24.34,73.14
,Sabarmati,Kheda_,22.75,72.68
,Sabarmati,Kheroj_,24.23,73.01
,Sabarmati,Raska_Weir,22.90,72.74
,Sabarmati,Ratanpur_,22.98,72.88
,Sabarmati,Sei_Dam,24.72,73.19
,Sabarmati,Subhash_Bridge,23.06,72.59
,Sabarmati,Valsana,23.83,72.79
,Sabarmati,Vautha_,22.65,72.53
,Sabarmati,Watrak_Dam,23.31,73.40
,Subarnarekha,Adityapur,22.79,86.17
,Subarnarekha,Balimunduli,21.73,86.64
,Subarnarekha,Baripada,21.92,86.72
,Subarnarekha,Chandanpur,22.12,86.62
,Subarnarekha,Fekoghat,22.31,86.92
,Subarnarekha,Ghatsila,22.59,86.46
,Subarnarekha,Govindpur_NH5_Road_Bridge,21.54,86.92
,Subarnarekha,Jamshedpur,22.82,86.22
,Subarnarekha,Jamsholaghat,22.22,86.72
,Subarnarekha,Jaypur,21.61,86.68
,Subarnarekha,Muri,23.36,85.87
,Subarnarekha,Rajghat,21.76,87.17
,Tapi,Bhusawal,21.07,75.78
,Tapi,Burhanpur,21.30,76.24
,Tapi,Dahigaon,20.83,75.43
,Tapi,Dedtalai,21.51,76.76
,Tapi,Ghala,21.29,73.04
,Tapi,Gidhade,21.29,74.81
,Tapi,Girna_Dam,20.48,74.72
,Tapi,Gopalkheda,20.86,76.99
,Tapi,Hathnur,21.07,75.95
,Tapi,Kakrapar,21.27,73.37
,Tapi,Lakhpuri,20.85,77.36
,Tapi,Malkheda,21.06,75.07
,Tapi,Morane,20.91,74.74
,Tapi,Motinaroli,21.40,72.96
,Tapi,Sarangkheda,21.43,74.53
,Tapi,Savkheda,21.15,75.23
,Tapi,SuratSeasonal,21.19,72.81
,Tapi,Teska,21.81,77.77
,Tapi,Ukai_Dam,21.25,73.59
,Tapi,Yerli,20.94,76.47
,WFRKL,Abu_Road,24.50,72.79
,WFRKL,Ambaji,24.34,72.87
,WFRKL,Balotra,25.82,72.22
,WFRKL,Bhakudar_Sipu_Dam,24.40,72.30
,WFRKL,Chitrasani,24.28,72.51
,WFRKL,Dantiwada_Dam,24.34,72.34
,WFRKL,Gandhav,24.99,71.68
,WFRKL,Ganod,21.67,70.18
,WFRKL,Gungan,22.96,70.76
,WFRKL,Kamalpur,23.81,71.74
,WFRKL,Lowara,21.44,71.56
,WFRKL,Sapawada,23.55,72.02
,WFRKL,Sarotry,24.37,72.54
,WFRKL,Swaroopaganj,24.66,72.91
,WFRTK,Addoor,12.93,74.95
,WFRTK,Ambarampalayam,10.60,76.95
,WFRTK,Arangaly,10.28,76.31
,WFRTK,Ashramam,8.16,77.46
,WFRTK,Avershe,13.52,74.88
,WFRTK,Ayilam,8.72,76.86
,WFRTK,Bantwal,12.88,75.04
,WFRTK,Erinjipuzha,12.49,75.16
,WFRTK,Haladi,13.58,74.86
,WFRTK,Kalampur,9.99,76.63
,WFRTK,Kallooppara,9.40,76.65
,WFRTK,Karathodu,11.06,76.04
,WFRTK,Kidangoor,9.68,76.61
,WFRTK,Kumbidi,10.84,76.02
,WFRTK,Kuniyil,11.24,76.02
,WFRTK,Kuttyadi,11.65,75.77
,WFRTK,Kuzhithurai,8.30,77.18
,WFRTK,Malakkara,9.33,76.66
,WFRTK,Mankara,10.76,76.49
,WFRTK,Neeleswaram,10.18,76.50
,WFRTK,Pattazhy,9.08,76.78
,WFRTK,Perumannu,11.98,75.59
,WFRTK,Pudur,10.78,76.57
,WFRTK,Pulamanthole,10.90,76.20
,WFRTK,Ramamangalam,9.94,76.47
,WFRTK,Santeguli,14.43,74.59
,WFRTK,Thumpamon,9.23,76.71
,WFRTK,Vandiperiyar,9.57,77.09
,WFRTK,Yennehole,13.29,74.99
,WFRTT,Anjanari,16.94,73.52
,WFRTT,Badlapur,19.16,73.25
,WFRTT,Belne_Bridge,16.22,73.60
,WFRTT,Collem,16.34,74.25
,WFRTT,Daman,20.41,72.84
,WFRTT,Durvesh,19.71,72.93
,WFRTT,Gadat,20.86,72.98
,WFRTT,Ganjim,15.47,74.10
,WFRTT,KhandeparatUsgaon,15.42,74.05
,WFRTT,Kolad,18.42,73.22
,WFRTT,MadelAtUsagaon,15.47,74.07
,WFRTT,Madhuban_Dam,20.19,73.06
,WFRTT,Mahad,18.08,73.41
,WFRTT,Mahuwa,21.02,73.13
,WFRTT,Mangaon,18.23,73.28
,WFRTT,Nagathone,18.52,73.16
,WFRTT,Nanipalsan,20.20,73.28
,WFRTT,Nivali,17.07,73.45
,WFRTT,Ozerkheda,20.10,73.27
,WFRTT,Pali,18.53,73.21
,WFRTT,Pen,18.73,73.12
,WFRTT,Poladur,17.99,73.47
,WFRTT,Silvassa,20.27,72.99
,WFRTT,Solachar,20.21,72.99
,WFRTT,Vapi,20.34,72.91
,WFRTT,Varai,20.29,73.00
